Age (ka BP),SeaIce1,SeaIce2,SeaIce3,SeaIce4,SeaIce5,SeaIce6,SeaIce7,SeaIce8,SeaIce9,SeaIce10,SeaIce11,SeaIce12,SeaIceC,SeaIcemonths
1.637,2.048365507,2.631731045,3.321434485,2.918213818,2.141331051,1.12260001,0.23564828,0.153262073,0,0,0.161582759,0.8797,1.301155752,0.3
1.674,2.048365507,2.631731045,3.321434485,2.918213818,2.141331051,1.12260001,0.23564828,0.153262073,0,0,0.161582759,0.8797,1.301155752,0.3
2.528,0,0,0,0,0,0,0,0,0,0,0,0,0,0
4.324,9.022282766,11.73830343,11.73801036,7.957334538,6.179113745,3.292486224,0.564948278,0.572003447,0.051217237,0.121365514,0.805541381,5.138493073,4.765091666,0.776
5.543,9.022282766,11.73830343,11.73801036,7.957334538,6.179113745,3.292486224,0.564948278,0.572003447,0.051217237,0.121365514,0.805541381,5.138493073,4.765091666,0.776
6.898,34.87876212,39.22904132,38.27613793,31.97190347,28.80671718,21.97426549,8.135003391,2.103606887,0.738441374,6.895993086,19.26388965,28.62968274,21.74195372,3
7.754,36.53785183,37.15998622,37.05643453,36.66123457,36.08525168,29.25665867,11.39756564,4.126244867,1.89094136,9.960279327,26.98516897,34.98781037,25.17545234,3.38
8.49,20.35910347,20.09768967,20.06500689,20.00520689,19.68844134,15.88163105,4.887889691,0.909765543,0.388317227,6.124800005,18.27895862,19.6618862,13.86239138,1.716
10.09,0.209148279,0,0,0,0,0,0,0,0,0,0,0,0.017429023,0
