Age (ka BP),SeaIce1,SeaIce2,SeaIce3,SeaIce4,SeaIce5,SeaIce6,SeaIce7,SeaIce8,SeaIce9,SeaIce10,SeaIce11,SeaIce12,SeaIceC,SeaIcemonths
3.738,0,0,0,0,0,0,0,0,0,0,0,0,0,0
5.005,6.766227607,8.426327548,7.574737957,4.577500034,3.644696487,1.989365525,0.329299997,0.387099996,0.051217237,0.121365514,0.643958621,4.229327555,3.228427007,0.464
6.272,26.65427935,28.33725513,27.47136555,24.41778284,23.0993551,17.62438278,5.544893141,1.295865523,0.427351715,7.233065469,18.94958975,23.84422755,17.07495116,2.18
7.539,0.469731035,0.137917237,0.129734483,0.155079307,0.109155171,0,0,0,0,0,0.021796552,0.041544825,0.088746551,0
8.806,0.144472415,0,0,0,0,0,0,0,0,0,0,0,0.012039368,0
10.073,2.048365507,2.631731045,3.321434485,2.918213818,2.141331051,1.12260001,0.23564828,0.153262073,0,0,0.161582759,0.8797,1.301155752,0.3
11.171,28.5764621,30.98476203,30.81254828,27.35798279,25.29185169,19.73782068,7.739537875,1.783710333,0.711841373,6.830227569,18.84702757,24.69304482,18.61390143,2.516
11.763,46.55262416,48.28474824,47.42601727,44.32513111,42.76480686,36.0777483,14.80565862,3.42521725,0.967793095,11.91899304,36.41132418,43.47471035,31.36956437,3.916
