Age (ka BP),MLD1,MLD2,MLD3,MLD4,MLD5,MLD6,MLD7,MLD8,MLD9,MLD10,MLD11,MLD12,MLDann,MLDwin,MLDspr,MLDsum,MLDaut
3.738,182.891073,186.3108956,192.8398027,138.1296525,41.3501424,19.87642318,17.90984506,18.04016888,31.97140096,53.3454257,87.80332831,139.7061626,92.51452674,187.3472571,66.45207268,22.64047163,93.61830553
5.005,184.094362,280.2747832,228.6093921,188.48412,45.70227208,20.79037939,15.82904518,16.08476003,27.06485881,46.640171,86.11112303,139.3564246,106.5868076,230.9928458,84.99225716,19.65955467,90.70257287
6.272,133.7536712,235.0940768,181.0175228,163.5005249,44.52016522,20.26380704,13.89771874,14.8806746,22.05835772,37.91289154,69.95094947,107.6548901,87.04210417,183.2884236,76.0948324,16.94558369,71.83957705
7.539,107.8664559,135.9360609,126.8941757,106.5108526,45.95626296,23.2131241,16.8506803,18.60588824,26.09398028,43.5695323,75.75349633,98.9015137,68.84600195,123.5655642,58.56007988,20.51684961,72.74151411
8.806,224.1599156,261.5634579,227.1249158,151.5046128,41.94252523,22.59919351,16.99605743,19.42028229,29.23232917,51.41300416,89.86752229,144.9171557,106.7284143,237.6160965,72.01544386,21.88288963,95.39922739
10.073,165.0617079,179.4382699,186.618637,151.4223982,48.16639447,20.29664775,18.07308183,18.30285891,32.15652079,52.16763637,79.54112326,127.7754824,89.91839657,177.0395383,73.29514682,22.84415384,86.49474733
11.171,154.6775237,255.6409485,214.1975615,197.5708569,50.63224737,19.4891795,14.79933109,15.36733712,25.01445849,42.42443268,67.82628697,118.023385,97.9719624,208.1720112,89.23076125,18.3937089,76.09136823
11.763,94.88172528,196.8209628,148.783395,143.8970529,41.79797016,19.35662094,13.15498141,14.61465217,19.18182649,31.00636866,52.79383642,77.90323691,71.1827191,146.8286944,68.35054801,15.65048669,53.90114733
